[
  {
    "title": "Main"
  },
  {
    "title":"AJAX MVC Scheduler",
    "url":"Index"
  },
  {
    "title": "CSS Themes"
  },
  {
    "title":"Transparent",
    "url":"ThemeTransparent"
  },
  {
    "title":"Windows 8",
    "url":"Theme8"
  },
  {
    "title":"Green",
    "url":"ThemeGreen"
  },
  {
    "title":"Blue",
    "url":"ThemeBlue"
  },
  {
    "title":"White",
    "url":"ThemeWhite"
  },
  {
    "title":"Traditional",
    "url":"ThemeTraditional"
  },
  {
    "title": "Grid"
  },
  {
    "title":"Auto Cell Width",
    "url":"AutoCellWidth"
  },
  {
    "title":"Crosshair",
    "url":"Crosshair"
  },
  {
    "title":"Multi-Range Selecting",
    "url":"MultiRange"
  },
  {
    "title":"Scale: Hours",
    "url":"ScaleHours"
  },
  {
    "title":"Scale: Days",
    "url":"ScaleDays"
  },
  {
    "title":"Scale: Weeks",
    "url":"ScaleWeeks"
  },
  {
    "title":"Scale: Months",
    "url":"ScaleMonths"
  },
  {
    "title":"Scale: Years",
    "url":"ScaleYears"
  },
  {
    "title":"Scale: Custom",
    "url":"ScaleCustom"
  },
  {
    "title":"Scrolling",
    "url":"Scrolling"
  },
  {
    "title":"Time Range Selecting",
    "url":"TimeRangeSelecting"
  },
  {
    "title": "AJAX"
  },
  {
    "title":"AutoRefresh",
    "url":"AutoRefresh"
  },
  {
    "title":"Notify Event Handling",
    "url":"Notify"
  },
  {
    "title": "Controls"
  },
  {
    "title":"Active Areas",
    "url":"ActiveAreas"
  },
  {
    "title":"Context Menu",
    "url":"ContextMenu"
  },
  {
    "title":"Message Bar",
    "url":"Message"
  },
  {
    "title": "Events"
  },
  {
    "title":"Continue CSS Classes",
    "url":"CssContinue"
  },
  {
    "title":"Dynamic Event Loading",
    "url":"DynamicEventLoading"
  },
  {
    "title":"Event Deleting",
    "url":"EventDeleting"
  },
  {
    "title":"Event Drag and Drop Indicators",
    "url":"EventDragDropIndicators"
  },
  {
    "title":"Event Inline Editing",
    "url":"EventInlineEditing"
  },
  {
    "title":"Event Links",
    "url":"EventLinks"
  },
  {
    "title":"Event Multi-Moving",
    "url":"EventMultiMoving"
  },
  {
    "title":"Event Multi-Resizing",
    "url":"EventMultiResizing"
  },
  {
    "title":"Event Multi-Selecting",
    "url":"EventMultiSelecting"
  },
  {
    "title":"Event Overlapping",
    "url":"EventOverlapping"
  },
  {
    "title":"Event Selecting",
    "url":"EventSelecting"
  },
  {
    "title":"Event Stacking Line Height",
    "url":"EventStackingLineHeight"
  },

  {
    "title":"External Drag and Drop",
    "url":"ExternalDragDrop"
  },
  {
    "title":"Group Concurrent Events",
    "url":"EventsGroupConcurrent"
  },
  {
    "title":"Limit Event Moving",
    "url":"LimitEventMoving"
  },
  {
    "title":"Move Event to Position",
    "url":"EventMoveToPosition"
  },
  {
    "title":"Percent Complete",
    "url":"PercentComplete"
  },
  {
    "title":"Recurring Events",
    "url":"RecurringEvents"
  },
  {
    "title": "Rows"
  },
  {
    "title":"Dynamic Tree Loading",
    "url":"DynamicTreeLoading"
  },
  {
    "title":"Prevent Parent Usage",
    "url":"PreventParentUsage"
  },
  {
    "title":"Progressive Row Rendering",
    "url":"RowProgressive"
  },
  {
    "title":"Resource Utilization",
    "url":"ResourceUtilization"
  },
  {
    "title":"Row Creating",
    "url":"RowCreating"
  },
  {
    "title":"Row Editing",
    "url":"RowEditing"
  },
  {
    "title":"Row Moving",
    "url":"RowMoving"
  },
  {
    "title":"Row Header Columns",
    "url":"RowHeaderColumns"
  },
  {
    "title":"Row Header Hiding",
    "url":"RowHeaderHiding"
  },
  {
    "title":"Row Header Scrolling",
    "url":"RowHeaderScrolling"
  },
  {
    "title":"Row Header Width Auto-Fit",
    "url":"RowHeaderAutoFit"
  },  
  {
    "title":"Row Height",
    "url":"RowHeight"
  },
    {
    "title":"Row Selecting",
    "url":"RowSelecting"
  },
  {
    "title": "jQuery"
  },
  {
    "title":"jQuery",
    "url":"JQuery"
  },
  {
    "title": "View Types"
  },
  {
    "title":"Gantt Chart",
    "url":"Gantt"
  },  
  {
	"title":"Timesheet",
    "url":"Timesheet"
  },  
  {
    "title": "Time Header"
  },
  {
    "title":"Hiding Weekends",
    "url":"HidingWeekends"
  },
  {
    "title":"Multiple Time Header Rows",
    "url":"TimeHeaders"
  },
  {
    "title": "Globalization"
  },
  {
    "title":"Hebrew",
    "url":"Hebrew"
  },
  {
    "title":"Hijri",
    "url":"Hijri"
  },
  {
    "title":"Japanese",
    "url":"Japanese"
  },
  {
    "title":"Korean",
    "url":"Korean"
  },
  {
    "title":"Taiwan",
    "url":"Taiwan"
  },
  {
    "title":"Thai Buddhist",
    "url":"ThaiBuddhist"
  },
]