[
  {
    "title": "Main"
  },
  {
    "title":"ASP.NET MVC Gantt",
    "url":"Index"
  },
  {
    "title": "Rows"
  },
  {
    "title":"Row Clicking",
    "url":"RowClicking"
  },
  {
    "title":"Row Moving",
    "url":"RowMoving"
  },
  {
    "title":"Row Selecting",
    "url":"RowSelecting"
  },
  {
    "title": "Tasks"
  },
  {
    "title":"Task Creating",
    "url":"TaskCreating"
  },
  {
    "title":"Task Versions",
    "url":"TaskVersions"
  },
  {
    "title": "Columns"
  },
  {
    "title":"Columns",
    "url":"Columns"
  },
]